SPOT_ID,TIME,fenologia_h3,MEANB05_AVG_bk_w-1_d1Y_s30,MINIMUMNDMI_LAST_bk_w-1_d1Y_s30,MINIMUMGCI_LAST_bk_w-1_d1Y_sfen==1-Inf-L,FENOLOGIA_LAST_bk_w-1_s30,avgH_SD_bk_w-1_s7,avgH_MAX_bk_w-1_s15,minT_AVG_bk_w-1_s30,avgT_MIN_bk_w-1_s30,avgT_MAX_bk_w-1_sfen==1-Inf-L,maxH_MAX_bk_w-1_sfen==1-Inf-L
ETParc10,2015-08-24,3,-0.004207,-0.004711,0.013178,3,5.844245,60.78,19.488333,20.77,31.48,86.2
ETParc10,2015-08-31,3,-0.011769,-0.01303,-0.032543,3,7.901676,60.78,19.449667,20.77,31.48,86.2
ETParc10,2015-09-07,3,-0.011769,-0.01303,-0.032543,3,7.089132,69.71,17.970667,17.48,31.48,89.3
ETParc10,2015-09-14,3,-0.005559,0.008051,0.024596,3,8.633315,69.71,17.392667,17.48,31.48,89.4
ETParc10,2015-09-21,4,0.004693,0.000784,-0.010751,3,7.548673,69.71,16.456333,16.96,31.48,93.2
ETParc10,2015-09-28,4,0.002524,0.000784,-0.010751,3,6.824875,68.28,15.762667,16.96,31.48,93.2
ETParc10,2015-10-05,4,0.00083,-0.002148,0.001095,3,10.028657,70.02,15.328667,16.96,31.48,93.2
ETParc10,2015-10-12,4,-0.000865,-0.002148,0.001095,3,7.285194,81.38,14.428,16.65,31.48,93.2
ETParc10,2015-10-19,4,-0.000865,-0.002148,0.001095,4,6.44581,84.45,14.102667,16.61,18.14,92.7
ETParc10,2015-10-26,4,-0.000865,-0.002148,0.001095,4,12.754733,89.82,13.233667,14.48,18.14,93.1
ETParc10,2015-11-02,4,-0.000865,-0.002148,0.001095,4,3.109007,89.82,12.259333,12.88,18.14,93.7
ETParc10,2015-11-09,4,-0.000865,-0.002148,0.001095,4,3.040717,89.82,11.669,12.88,18.14,93.7
ETParc10,2016-03-07,2,-0.018368,0.001248,0.001095,4,9.59726,80.1,4.182308,4.46,18.14,93.7
ETParc10,2016-03-14,2,-0.022347,-0.021304,0.001095,4,7.268553,76.88,3.877,4.46,18.14,93.7
ETParc10,2016-03-21,2,0.01964,-0.021304,0.001095,2,4.851462,77.61,4.638889,4.46,11.84,93.0
ETParc10,2016-03-28,2,0.007287,0.01907,0.023776,2,7.415105,77.61,5.02,5.69,13.58,93.0
ETParc10,2016-04-04,2,0.00111,0.01907,0.023776,2,14.41764,85.54,5.525333,5.69,16.88,93.1
ETParc10,2016-04-11,2,-0.0025,-0.009818,-0.022248,2,12.187228,85.54,6.724333,9.12,16.88,93.1
ETParc10,2016-04-18,2,-0.013743,0.007619,-0.120344,2,5.0522,85.54,7.400667,9.12,17.22,93.1
ETParc10,2016-04-25,2,-0.005847,-0.008486,0.058066,2,12.785503,86.85,8.410667,9.62,17.34,93.1
ETParc10,2016-05-02,2,-0.008951,0.051778,-0.031371,2,13.328352,86.85,9.570333,10.42,18.59,93.1
ETParc10,2016-05-09,2,-0.012722,0.051778,-0.031371,2,22.552063,79.65,10.418,11.3,19.9,93.1
ETParc10,2016-05-16,3,0.001868,0.051778,-0.031371,2,10.942245,86.54,10.408667,11.18,19.9,93.4
ETParc10,2016-05-23,3,-0.011516,0.051778,-0.031371,2,6.14344,86.54,11.088667,11.18,22.71,93.4
ETParc10,2016-05-30,3,0.004734,-0.020296,-0.006789,2,7.188752,70.32,11.314333,11.18,22.71,93.4
ETParc10,2016-06-06,3,0.003702,0.004715,0.005482,2,10.154741,70.32,11.978333,11.18,24.21,93.4
ETParc10,2016-06-13,3,-0.001573,-0.006286,0.005482,3,5.363841,55.81,14.021667,16.04,29.04,65.81
ETParc10,2016-06-20,3,-0.001573,-0.006286,0.005482,3,10.871445,52.34,14.456333,16.04,29.04,77.1
ETParc10,2016-06-27,3,-0.002283,0.000928,0.066692,3,4.331008,52.34,15.338667,16.52,29.04,77.1
ETParc10,2016-07-04,3,-0.000309,-0.001658,-0.010221,3,8.276957,46.2,17.153333,17.21,30.81,77.1
ETParc10,2016-07-11,3,-0.005072,0.007051,-0.021131,3,14.082037,69.33,17.839667,17.21,30.81,93.5
ETParc10,2016-07-18,3,-0.006418,-0.002075,-0.032376,3,8.258293,69.33,18.862667,22.1,30.81,93.5
ETParc10,2016-07-25,3,-0.002459,0.000569,0.02556,3,5.810648,45.4,19.964667,22.1,31.05,93.5
ETParc10,2016-08-01,3,-0.007098,0.009883,-0.007849,3,6.822856,48.42,20.278667,22.1,31.05,93.5
ETParc10,2016-08-08,3,-0.007949,-0.004673,-0.039685,3,4.00356,48.42,20.452,26.46,31.05,93.5
ETParc10,2016-08-15,3,-0.006019,0.020631,-0.075332,3,6.648977,48.46,20.084667,25.83,31.05,93.5
ETParc10,2016-08-22,3,-0.00302,-0.010239,0.020053,3,6.785047,52.19,19.923333,25.83,31.05,93.5
ETParc10,2016-08-29,3,-0.004661,0.01107,0.00176,3,6.551551,52.19,19.734333,25.83,31.05,93.5
ETParc10,2016-09-05,3,-0.004908,0.00424,-0.00056,3,11.064671,52.19,19.565333,25.0,31.95,93.5
ETParc10,2016-09-12,3,-0.002991,-0.000322,0.02797,3,7.364146,48.9,19.565,24.48,32.94,93.5
ETParc10,2016-09-19,3,-0.010302,0.030602,-0.033043,3,13.986426,71.48,18.065333,16.47,32.94,93.5
ETParc10,2016-09-26,3,-0.00979,0.003423,0.008103,3,9.06881,71.48,17.264667,16.47,32.94,93.5
ETParc10,2016-10-03,4,-0.004925,0.001195,0.009724,3,4.845802,57.91,16.120667,16.47,32.94,93.5
ETParc10,2016-10-10,4,-0.008133,0.010351,-0.066826,3,22.386121,89.83,14.023,-9.999,32.94,100.0
ETParc10,2016-10-17,4,-0.012143,0.0002,-0.122986,3,22.386121,89.83,14.043381,-9.999,32.94,100.0
ETParc10,2016-10-24,4,-0.011245,-0.000123,0.085451,3,9.162536,87.5,13.76719,-9.999,32.94,100.0
ETParc10,2016-10-31,4,-0.007973,-0.004976,0.085451,4,6.244888,87.5,12.543381,-9.999,20.21,92.3
ETParc10,2016-11-07,4,-0.017503,0.012265,-0.033997,4,6.481819,87.5,12.214091,7.65,20.21,92.7
ETParc10,2016-11-14,4,-0.011326,-0.007112,-0.012682,4,6.220478,84.41,10.443103,7.01,20.21,93.8
ETParc10,2016-11-21,4,-0.014201,-0.007112,-0.033201,4,11.942022,91.71,8.533,7.01,20.21,93.8
ETParc10,2017-03-13,1,-1.7e-05,-0.010029,-0.033201,4,11.227677,89.4,6.961,7.4,20.21,93.8
ETParc10,2017-03-20,2,0.002805,0.003646,-0.033201,4,10.839495,79.73,7.337333,7.4,20.21,93.8
ETParc10,2017-03-27,2,-0.02235,0.059928,-0.033201,1,7.327769,79.42,6.778333,6.33,12.29,92.2
ETParc10,2017-04-03,2,-0.007862,-0.029638,0.01227,1,10.63089,77.74,7.041667,6.33,16.62,92.2
ETParc10,2017-04-10,2,-0.007861,0.004995,-0.013558,1,4.282711,77.74,6.700333,6.33,17.15,92.2
ETParc10,2017-04-17,3,-0.007248,0.000347,-0.013558,2,11.726568,64.62,7.864667,6.33,21.49,90.6
ETParc10,2017-04-24,3,-0.002352,0.002733,0.001408,2,5.493658,64.62,9.268667,10.95,22.2,90.6
ETParc10,2017-05-01,3,-0.00092,0.002733,0.001408,2,13.894912,93.58,10.107333,12.45,22.2,94.3
ETParc10,2017-05-08,3,-0.001582,-0.001107,-0.00323,2,10.276004,93.58,11.127667,12.45,22.2,94.3
ETParc10,2017-05-15,3,0.005454,-0.001783,-0.00323,3,16.436198,81.4,11.530667,12.45,21.79,92.6
ETParc10,2017-05-22,3,0.000401,-0.001303,0.006779,3,3.905268,81.4,11.985667,12.45,22.84,92.6
ETParc10,2017-05-29,3,0.000401,-0.001303,0.006779,3,11.033538,63.51,12.784667,13.39,25.65,92.6
ETParc10,2017-06-05,3,-0.002359,-0.001037,0.002183,3,4.897992,63.51,14.214333,14.32,26.0,92.6
ETParc10,2017-06-12,3,0.003456,0.059167,0.21545,3,3.74438,57.67,15.530333,18.05,28.82,92.6
ETParc10,2017-06-19,3,0.00677,0.001466,-0.054042,3,9.174571,48.73,17.517,20.01,32.26,92.6
ETParc10,2017-06-26,3,0.002865,-0.014716,-0.032385,3,7.086169,48.73,18.630333,20.01,32.26,92.6
ETParc10,2017-07-03,3,0.005595,0.011562,0.004494,3,10.850431,55.37,18.396333,19.64,32.26,92.6
ETParc10,2017-07-10,3,-0.000118,0.011562,0.004494,3,12.789167,70.69,18.560667,19.64,32.26,92.6
ETParc10,2017-07-17,3,-0.010279,-0.041233,-0.044128,3,8.849014,70.69,19.039667,19.64,35.2,92.6
ETParc10,2017-07-24,3,0.004001,-0.006382,0.075485,3,7.845473,43.08,18.603,19.64,35.2,92.6
ETParc10,2017-07-31,3,0.004531,0.012027,-0.05141,3,6.271597,43.06,19.498667,21.47,35.2,92.6
ETParc10,2017-08-07,3,0.007637,0.02,-0.296834,3,5.324978,33.45,20.565667,23.12,35.2,92.6
ETParc10,2017-08-14,3,0.013702,-0.006755,-0.024084,3,11.140888,48.03,19.887,23.12,35.2,92.6
ETParc10,2017-08-21,3,0.002839,-0.004142,0.013151,3,8.399463,48.03,20.301667,24.87,35.2,92.6
ETParc10,2017-08-28,3,0.002482,0.014368,-0.18602,3,20.465228,82.33,20.257667,18.67,35.2,93.6
ETParc10,2017-09-04,3,-0.001232,0.001311,0.101232,3,10.928839,82.33,19.556333,18.67,35.2,93.6
ETParc10,2017-09-11,3,0.00213,-0.002794,0.061461,3,6.198101,82.33,19.003,18.67,35.2,93.6
ETParc10,2017-09-18,3,0.001687,0.003353,0.083412,3,6.394176,48.89,17.897667,18.67,35.2,93.6
ETParc10,2017-09-25,4,6.9e-05,-0.004792,-0.016759,3,7.919187,51.87,16.534,18.67,35.2,93.6
ETParc10,2017-10-02,4,0.000519,0.00325,0.062436,3,6.914119,56.29,16.179667,19.49,35.2,93.6
ETParc10,2017-10-09,4,-0.000512,0.011189,0.198572,3,5.428885,56.29,15.228,19.49,35.2,93.6
ETParc10,2017-10-16,4,0.001629,0.005623,-0.076273,3,4.10714,53.27,15.126667,19.49,35.2,93.6
ETParc10,2017-10-23,4,-0.000388,-0.07178,-0.15972,4,14.400319,85.2,14.977,15.12,20.92,94.0
ETParc10,2017-10-30,4,0.000803,0.003846,-0.100054,4,9.702284,85.2,13.861,15.12,20.92,94.0
ETParc10,2017-11-06,4,0.001851,-0.009977,0.109289,4,9.379085,81.69,12.565667,11.73,20.92,94.0
ETParc10,2017-11-13,4,0.002739,0.002143,-0.049696,4,4.246346,81.69,10.192667,9.42,20.92,94.0
ETParc10,2017-11-20,4,0.00561,0.00564,-0.143591,4,5.829216,63.48,8.084,8.79,20.92,94.0
ETParc10,2018-03-12,1,0.002139,0.042057,-0.143591,4,7.41525,90.06,5.247667,5.99,20.92,94.0
ETParc10,2018-03-19,1,0.000267,0.042057,-0.143591,4,5.172056,90.25,6.270667,5.99,20.92,94.0
ETParc10,2018-03-26,1,-0.017861,-0.007798,-0.143591,1,12.476079,90.25,6.414,6.17,9.65,94.0
ETParc10,2018-04-02,2,-0.009947,-0.008336,-0.143591,1,7.394572,87.22,6.061333,6.17,15.63,94.0
ETParc10,2018-04-09,2,-0.004911,0.017697,0.025559,1,8.042587,79.68,6.167667,6.17,15.63,94.0
ETParc10,2018-04-16,2,-0.006337,-0.095105,-0.035797,1,5.872177,83.42,5.891,6.17,15.63,94.0
ETParc10,2018-04-23,2,-0.001896,0.026386,-0.00019,1,6.038757,83.42,7.488333,7.02,18.58,94.0
ETParc10,2018-04-30,2,-0.002783,-0.004216,-0.00019,2,5.323297,75.91,8.732333,8.7,18.75,90.9
ETParc10,2018-05-07,2,-0.001671,-0.013358,-0.064832,2,6.238571,75.18,8.944,8.7,18.75,93.4
ETParc10,2018-05-14,3,0.001653,-0.011068,0.001411,2,12.993186,76.05,10.126667,9.34,19.03,93.4
ETParc10,2018-05-21,3,0.00344,0.042879,0.002145,2,14.458551,76.05,10.591,9.34,20.0,93.4
ETParc10,2018-05-28,3,0.001386,-0.012339,-0.027767,2,5.00724,72.42,10.699,9.34,20.0,93.4
ETParc10,2018-06-04,3,0.009305,0.064341,-0.011081,2,5.113161,72.42,11.898333,14.04,20.0,93.4
ETParc10,2018-06-11,3,0.007202,-0.007006,-0.011081,3,5.362473,71.63,12.215667,14.04,19.31,85.0
ETParc10,2018-06-18,3,0.005388,-0.035614,-0.025972,3,8.798509,71.63,13.685667,15.71,28.09,85.0
ETParc10,2018-06-25,3,0.006006,-0.002469,-0.003887,3,8.721068,60.38,15.069667,15.77,28.09,85.0
ETParc10,2018-07-02,3,0.001425,0.005654,0.029594,3,5.119513,60.38,15.949333,16.48,28.09,85.6
ETParc10,2018-07-09,3,-0.000459,-0.002231,-0.010363,3,6.190266,60.38,16.914,17.72,29.17,85.6
ETParc10,2018-07-16,3,0.001513,0.027717,0.019082,3,7.302837,56.96,17.146667,20.39,29.17,85.6
ETParc10,2018-07-23,3,0.00273,0.001438,0.006069,3,4.779229,56.96,16.972667,20.39,29.17,85.6
ETParc10,2018-07-30,3,-0.000144,0.029685,-0.041547,3,3.995472,49.75,17.005333,20.39,29.17,85.6
ETParc10,2018-08-06,3,0.000947,-0.005299,0.000558,3,4.790107,41.93,18.165333,20.39,33.24,85.6
ETParc10,2018-08-13,3,0.003278,0.009054,-0.036536,3,7.048828,45.37,18.694333,20.39,33.24,85.6
ETParc10,2018-08-20,3,2.3e-05,0.010485,0.000464,3,7.383228,56.15,19.226,24.5,33.24,85.6
ETParc10,2018-08-27,3,0.002038,-0.016782,-0.009684,3,6.803491,56.15,19.903333,24.5,33.24,85.6
ETParc10,2018-09-03,3,0.002555,0.004965,-0.002769,3,7.301269,59.29,19.821,24.5,33.24,85.6
ETParc10,2018-09-10,3,0.001389,-0.012236,-0.007623,3,7.500755,72.92,18.723,19.66,33.24,93.7
ETParc10,2018-09-17,3,0.003261,-0.000358,-0.009087,3,7.394704,75.36,18.163667,19.66,33.24,93.7
ETParc10,2018-09-24,3,0.001473,-0.00113,0.011467,3,11.502136,75.36,17.695667,19.66,33.24,93.7
ETParc10,2018-10-01,3,0.004381,0.037229,-0.005649,3,8.626844,64.77,17.067333,19.66,33.24,93.7
ETParc10,2018-10-08,4,0.002893,-0.02693,0.012331,3,7.933845,60.9,16.288,18.43,33.24,93.7
ETParc10,2018-10-15,4,-0.000296,0.057343,0.05762,3,7.221216,76.39,15.417333,12.6,33.24,93.7
ETParc10,2018-10-22,4,0.000848,-0.005574,0.015379,3,6.256777,90.24,13.758333,12.44,33.24,94.3
ETParc10,2018-10-29,4,-0.001726,0.01182,0.042747,3,5.08837,90.24,11.949333,7.1,33.24,94.3
ETParc10,2018-11-05,4,0.006126,0.039227,0.042747,4,1.945471,84.73,10.168,7.1,11.59,93.7
ETParc10,2019-03-11,1,0.006528,-0.03335,0.042747,4,10.887399,79.38,5.358,8.93,11.59,93.7
ETParc10,2019-03-18,2,0.003859,0.057745,0.042747,4,9.858653,79.38,5.924,8.93,11.59,93.7
ETParc10,2019-04-01,2,-0.001329,0.034453,-0.049416,1,16.19066,78.57,6.590667,8.93,15.86,92.7
ETParc10,2019-04-08,2,-0.003924,-0.014542,0.010569,1,15.062442,85.64,6.685,7.52,15.86,93.0
ETParc10,2019-04-15,2,-0.003526,-0.087398,-0.166767,2,9.991499,85.64,6.81,7.52,18.48,87.2
ETParc10,2019-04-22,2,-0.004535,-0.07121,-0.040943,2,9.938388,85.64,7.59,7.52,18.48,91.0
ETParc10,2019-04-29,2,-0.001393,0.000221,0.00573,2,12.896492,78.47,7.889,7.52,18.97,92.1
ETParc10,2019-05-06,3,0.003037,0.078191,0.046208,2,12.688311,78.47,9.018667,10.24,21.6,92.1
ETParc10,2019-05-13,3,-0.001259,-0.006394,-0.003217,2,13.475717,70.63,10.528333,11.27,23.82,92.1
ETParc10,2019-05-20,3,0.005793,-0.004076,0.020618,2,7.549011,67.54,11.243,11.27,24.54,92.1
ETParc10,2019-05-27,3,0.001631,-0.071957,-0.021964,2,4.211184,49.24,12.822,15.97,24.54,92.1
ETParc10,2019-06-03,3,0.003445,0.029396,-0.032081,3,5.257746,49.24,13.752667,15.97,26.13,58.94
ETParc10,2019-06-10,3,0.002358,-0.011289,0.000782,3,7.298393,52.38,13.815,15.97,26.13,90.2
ETParc10,2019-06-17,3,0.004744,0.054082,0.009628,3,6.167019,52.38,13.774,16.8,26.13,90.2
ETParc10,2019-06-24,3,0.004484,0.003213,-0.039372,3,7.689022,56.31,14.390667,17.79,26.13,90.2
ETParc11,2015-08-31,4,-0.008586,-0.002406,-0.050016,3,8.364978,65.2,20.07,22.0,29.4,92.2
ETParc11,2015-09-07,4,-0.008586,-0.002406,-0.050016,3,9.152933,84.9,18.603333,19.3,29.4,99.8
ETParc11,2015-09-14,4,-0.003326,-0.001413,0.026727,3,8.673413,84.9,17.84,19.3,29.4,99.8
ETParc11,2015-09-21,4,0.004093,0.007181,-0.019544,3,8.96379,84.9,17.083333,18.9,29.4,100.0
ETParc11,2015-09-28,4,0.000992,0.007181,-0.019544,4,8.703995,71.8,16.23,18.9,23.5,92.7
ETParc11,2015-10-05,4,-0.000203,-0.007603,-0.019544,4,11.378321,78.1,15.696667,18.9,23.5,98.2
ETParc11,2015-10-12,4,-0.001398,-0.007603,-0.019544,4,9.297081,91.4,14.916667,18.0,23.5,100.0
ETParc11,2015-10-19,4,-0.001398,-0.007603,-0.019544,4,7.433643,91.4,14.673333,17.7,23.5,100.0
ETParc11,2015-10-26,4,0.00279,0.011757,-0.002451,4,11.66072,93.2,14.243333,16.8,23.5,100.0
ETParc11,2015-11-02,4,0.00279,0.011757,-0.002451,4,8.011331,93.2,13.58,14.0,23.5,100.0
ETParc11,2015-11-09,4,0.00279,0.011757,-0.002451,4,7.938694,93.2,13.316667,14.0,23.5,100.0
ETParc11,2016-03-07,2,0.003394,-0.016271,-0.002451,4,6.3429,93.4,5.083333,5.3,23.5,100.0
ETParc11,2016-03-14,2,0.003243,0.086888,-0.002451,4,7.43233,79.8,3.223333,5.3,23.5,100.0
ETParc11,2016-03-21,2,-0.009153,0.036343,-0.002451,1,6.089296,90.6,4.29,6.3,12.8,100.0
ETParc11,2016-03-28,2,-0.00635,-0.031782,-0.002451,2,8.993834,91.6,4.316667,7.3,14.7,100.0
ETParc11,2016-04-04,2,-0.00929,-0.031782,-0.002451,2,16.005922,96.4,4.986667,7.3,15.8,100.0
ETParc11,2016-04-11,2,-0.018999,0.004677,0.000867,2,14.351174,96.4,6.453333,9.9,16.0,100.0
ETParc11,2016-04-18,2,0.004059,-4.8e-05,0.002235,2,7.847444,96.4,7.35,9.9,17.7,100.0
ETParc11,2016-04-25,2,0.004515,-0.002738,0.018166,2,16.04605,94.6,8.456667,11.0,18.3,100.0
ETParc11,2016-05-02,3,0.002077,0.012869,0.015245,2,15.944323,94.6,9.943333,11.8,18.9,100.0
ETParc11,2016-05-09,3,0.002891,0.012869,0.015245,2,28.209894,90.3,11.126667,11.8,20.4,100.0
ETParc11,2016-05-16,3,-0.002541,-0.009861,-0.022668,2,12.75414,96.1,11.24,12.5,20.4,100.0
ETParc11,2016-05-23,3,-0.003933,-0.009861,-0.022668,2,6.738164,96.1,11.943333,12.5,22.8,100.0
ETParc11,2016-05-30,3,-0.001744,-7.3e-05,-0.022668,3,8.123775,79.9,12.213333,12.5,19.2,100.0
ETParc11,2016-06-06,3,-0.000486,0.004337,0.007539,3,12.523673,79.9,12.41,12.5,24.1,100.0
ETParc11,2016-06-13,3,-0.00342,-0.010416,0.007104,3,6.905415,65.6,14.03,16.7,28.1,100.0
ETParc11,2016-06-20,3,-0.002979,0.007189,-0.014564,3,7.549803,54.5,14.35,16.7,28.1,100.0
ETParc11,2016-06-27,3,-0.00268,-0.025437,0.06637,3,6.90107,54.5,15.07,16.7,28.1,100.0
ETParc11,2016-07-04,3,-0.001381,0.011237,-0.016225,3,7.664637,52.4,16.656667,18.4,31.1,100.0
ETParc11,2016-07-11,3,-0.002702,-0.006703,0.013665,3,10.628018,61.8,17.516667,18.4,31.1,100.0
ETParc11,2016-07-18,3,-0.004634,-0.003086,-0.045603,3,9.804056,61.8,18.766667,23.6,31.1,100.0
ETParc11,2016-07-25,3,-0.001266,0.000903,0.025387,3,4.452287,53.8,19.67,23.6,31.1,100.0
ETParc11,2016-08-01,3,-0.004085,-0.006203,0.026577,3,6.587217,50.3,20.16,24.4,31.1,100.0
ETParc11,2016-08-08,3,-0.005413,-0.02596,-0.033467,3,4.361902,52.3,20.293333,26.4,31.1,100.0
ETParc11,2016-08-15,3,-0.003495,0.008719,0.035084,3,8.76921,55.9,20.133333,26.2,31.1,100.0
ETParc11,2016-08-22,3,-0.001362,-0.00326,-0.009663,3,6.41375,59.2,19.92,26.2,31.1,100.0
ETParc11,2016-08-29,3,-0.005224,-0.005118,0.036961,3,6.257186,59.2,19.88,26.2,31.1,100.0
ETParc11,2016-09-05,3,-0.001076,0.03452,0.150296,3,12.057758,59.2,19.846667,24.6,32.3,100.0
ETParc11,2016-09-12,3,-1.2e-05,-0.009377,0.014069,3,9.525555,54.2,19.44,24.6,32.5,100.0
ETParc11,2016-09-19,3,-1.2e-05,-0.009377,0.014069,3,14.70617,74.8,18.146667,18.0,32.5,100.0
ETParc11,2016-09-26,4,0.001925,-0.018487,0.056458,3,8.898769,74.8,17.006667,18.0,32.5,100.0
ETParc11,2016-10-03,4,-0.001051,0.021809,-0.003297,3,5.05715,62.5,16.086667,18.0,32.5,100.0
ETParc11,2016-10-10,4,-0.000996,-0.027141,-0.055655,3,6.623192,60.5,14.836667,18.0,32.5,100.0
ETParc11,2016-10-17,4,-0.001062,0.008412,0.001466,3,9.713908,90.4,14.21,15.4,32.5,100.0
ETParc11,2016-10-24,4,-0.001295,0.023184,0.001466,4,12.679642,98.2,14.126667,15.3,21.5,100.0
ETParc11,2016-10-31,4,-0.00065,-0.068514,-0.06635,4,9.02325,98.2,13.846667,15.3,21.7,100.0
ETParc11,2016-11-07,4,-0.009036,0.089415,-0.037728,4,2.400694,92.6,13.115385,11.3,21.7,100.0
ETParc11,2016-11-14,4,-0.006863,-0.028828,-0.024014,4,2.400694,78.1,13.025,0.0,21.7,100.0
ETParc11,2016-11-21,4,-0.006863,-0.028828,-0.024014,4,31.047406,95.0,10.245,0.0,21.7,100.0
ETParc11,2017-03-20,2,-0.001613,-0.053122,-0.024014,4,10.41743,88.9,8.936667,10.0,21.7,100.0
ETParc11,2017-03-27,2,-0.011494,0.102352,-0.024014,4,8.827581,95.8,8.056667,8.5,21.7,100.0
ETParc11,2017-04-03,2,-0.005549,-0.051541,0.01772,2,11.454361,95.8,8.353333,8.5,17.0,99.9
ETParc11,2017-04-10,2,-0.002309,0.021603,-0.025804,2,6.02957,95.8,8.203333,8.5,18.0,99.9
ETParc11,2017-04-17,2,-0.00518,-0.05472,0.008378,2,11.463545,72.4,8.94,8.5,21.1,99.9
ETParc11,2017-04-24,3,-0.003043,0.016058,0.003838,2,4.646504,72.4,10.486667,12.4,22.2,99.9
ETParc11,2017-05-01,3,-0.000497,0.016058,0.003838,2,13.424196,95.2,11.156667,14.3,22.2,100.0
ETParc11,2017-05-08,3,-0.002071,0.000334,-0.006773,2,13.843135,95.2,12.25,14.3,23.0,100.0
ETParc11,2017-05-15,3,0.002711,0.00537,0.02547,2,16.925692,89.1,12.82,14.3,23.0,100.0
ETParc11,2017-05-22,3,-0.000201,-0.017634,0.040007,3,6.626175,89.1,13.223333,14.3,23.2,88.1
ETParc11,2017-05-29,3,-0.002767,-0.017634,0.040007,3,12.98136,75.5,13.876667,14.5,24.9,99.0
ETParc11,2017-06-05,3,-0.000703,-0.000506,-0.024455,3,4.452875,75.5,14.926667,16.3,26.0,99.0
ETParc11,2017-06-12,3,0.003518,0.022418,0.306096,3,6.03904,69.1,15.88,19.4,28.7,99.0
ETParc11,2017-06-19,3,0.005408,0.002035,-0.094514,3,9.549595,57.4,17.57,20.4,31.2,99.0
ETParc11,2017-06-26,3,0.006513,-0.013617,0.032039,3,8.225512,57.4,18.516667,20.4,31.2,99.0
ETParc11,2017-07-03,3,0.004533,0.026388,-0.122167,3,13.199423,59.7,18.176667,20.9,31.2,99.0
ETParc11,2017-07-10,3,0.000158,0.026388,-0.122167,3,12.691429,77.0,18.493333,20.9,31.2,99.0
ETParc11,2017-07-17,3,-0.00805,-0.027668,-0.030596,3,8.5589,77.0,18.843333,20.9,34.5,99.0
ETParc11,2017-07-24,3,0.000992,0.004496,0.067685,3,8.196137,51.4,18.293333,20.9,34.5,99.0
ETParc11,2017-07-31,3,0.002335,-0.001764,-0.024455,3,7.354526,51.4,19.01,21.6,34.5,99.0
ETParc11,2017-08-07,3,0.004775,-0.000424,-0.415983,3,6.431137,44.8,19.603333,23.4,34.5,99.0
ETParc11,2017-08-14,3,0.009841,0.003553,-0.00633,3,10.283227,50.3,19.276667,23.4,34.5,99.0
ETParc11,2017-08-21,3,0.001684,-0.037291,0.144058,3,7.369758,50.3,19.613333,24.9,34.5,99.0
ETParc11,2017-08-28,4,0.004123,0.063489,-0.012479,3,18.099303,79.1,20.1,20.7,34.5,99.0
ETParc11,2017-09-04,4,0.001343,-0.005328,0.095569,3,11.224293,80.7,19.873333,20.1,34.5,99.0
ETParc11,2017-09-11,4,0.003208,0.021849,0.025465,3,6.307063,80.7,19.413333,20.1,34.5,99.0
ETParc11,2017-09-18,4,0.00333,-0.022095,0.152397,3,6.063788,52.6,18.05,19.4,34.5,99.0
ETParc11,2017-09-25,4,0.00118,0.003825,0.152397,4,6.841505,54.9,16.66,19.4,24.1,81.5
ETParc11,2017-10-02,4,3.7e-05,0.014888,-0.006252,4,5.603825,55.9,16.223333,19.4,24.4,81.5
ETParc11,2017-10-09,4,-0.000985,0.002628,0.279955,4,4.959839,55.9,15.87,19.4,24.6,81.5
ETParc11,2017-10-16,4,0.0014,-0.096942,-0.022433,4,9.094216,54.7,16.513333,20.0,25.8,81.5
ETParc11,2017-10-23,4,0.00043,0.005731,-0.077669,4,9.992235,90.9,16.68,17.0,25.8,100.0
ETParc11,2017-10-30,4,0.000552,0.013581,-0.12698,4,6.404797,90.9,15.936667,17.0,25.8,100.0
ETParc11,2017-11-06,4,0.001992,0.030398,0.152812,4,14.931112,93.8,14.666667,13.5,25.8,100.0
ETParc11,2018-03-12,1,0.001846,-0.016483,0.152812,4,4.789473,99.4,5.76,6.6,25.8,100.0
ETParc11,2018-03-19,1,0.000473,-0.016483,0.152812,4,3.333667,99.5,7.1,7.8,25.8,100.0
ETParc11,2018-03-26,2,-0.002523,0.001728,0.152812,1,14.571057,99.5,7.496667,8.0,10.8,100.0
ETParc11,2018-04-02,2,-0.000525,-0.04591,0.152812,1,9.218589,97.3,6.986667,8.0,14.9,100.0
ETParc11,2018-04-09,2,-0.00417,-0.140295,-0.008549,1,10.705206,92.4,6.876667,8.0,15.5,100.0
ETParc11,2018-04-16,2,0.000463,0.142078,0.028754,1,6.900173,95.9,6.58,8.0,15.5,100.0
ETParc11,2018-04-23,2,-2.1e-05,0.032328,-0.006096,2,10.146592,95.9,8.236667,9.3,19.4,100.0
ETParc11,2018-04-30,2,0.000839,0.000389,-0.001577,2,4.520219,86.1,9.353333,9.8,19.4,100.0
ETParc11,2018-05-07,3,0.001122,-0.033479,-0.026857,2,6.841957,86.1,9.383333,9.8,19.4,100.0
ETParc11,2018-05-14,3,0.001478,-0.144652,-0.005211,2,17.319628,91.1,10.26,10.0,19.4,100.0
ETParc11,2018-05-21,3,0.003196,-0.033471,0.014339,2,18.925946,91.1,10.68,10.0,20.1,100.0
ETParc11,2018-05-28,3,0.000641,0.05842,0.251667,2,4.909806,89.8,10.73,10.0,20.6,100.0
ETParc11,2018-06-04,3,0.002362,-0.015678,0.251667,3,4.513999,89.8,11.84,15.2,20.1,100.0
ETParc11,2018-06-11,3,0.000777,-0.015678,0.251667,3,7.353101,83.6,12.176667,15.2,20.1,100.0
ETParc11,2018-06-18,3,-0.001494,0.113427,-0.033653,3,10.014727,83.6,13.25,16.2,28.0,100.0
ETParc11,2018-06-25,3,-0.00169,-0.03705,-0.017021,3,8.74602,65.9,14.55,16.9,28.0,100.0
ETParc11,2018-07-02,3,0.002966,0.064892,0.103463,3,4.682185,65.9,15.45,17.1,28.0,100.0
ETParc11,2018-07-09,3,-0.000904,0.050442,-0.019947,3,6.429619,65.9,16.286667,18.6,28.5,100.0
ETParc11,2018-07-16,3,-6e-05,0.008682,0.001413,3,7.314825,68.6,16.64,20.7,28.5,100.0
ETParc11,2018-07-23,3,0.000909,0.051401,-0.032072,3,3.952576,68.6,16.336667,20.7,28.5,100.0
ETParc11,2018-07-30,3,-0.001891,0.111676,-0.037732,3,3.721431,56.4,16.13,20.7,28.5,100.0
ETParc11,2018-08-06,3,5.8e-05,-0.029408,0.005938,3,3.956189,52.7,17.393333,20.7,32.5,100.0
ETParc11,2018-08-13,3,0.001099,-0.050888,-0.022256,3,6.816856,49.9,18.086667,20.7,32.5,100.0
ETParc11,2018-08-20,3,-3.1e-05,0.004304,0.002774,3,5.915919,63.2,18.79,23.9,32.5,100.0
ETParc11,2018-08-27,3,0.00081,0.088057,-0.050341,3,4.736887,63.2,19.8,24.0,32.5,100.0
ETParc11,2018-09-03,3,0.001407,-0.056464,0.01361,3,6.485845,64.9,19.87,24.0,32.5,100.0
ETParc11,2018-09-10,3,0.00145,-0.001935,-0.005804,3,9.808645,85.3,19.123333,19.0,32.5,100.0
ETParc11,2018-09-17,3,9e-06,0.004138,-0.025816,3,6.692462,85.3,19.023333,19.0,32.5,100.0
ETParc11,2018-09-24,3,-0.00088,-0.072719,0.010397,3,12.573763,80.6,18.656667,19.0,32.5,100.0
ETParc11,2018-10-01,4,-0.000699,-0.04904,-0.020361,3,8.88873,69.8,18.303333,19.0,32.5,100.0
ETParc11,2018-10-08,4,-0.001613,-0.0004,-0.038258,3,5.483438,64.8,17.546667,19.8,32.5,100.0
ETParc11,2018-10-15,4,0.002309,0.067153,0.042527,3,8.863677,83.1,16.576667,13.2,32.5,100.0
ETParc11,2018-10-22,4,-0.002577,-0.102025,0.01929,3,7.728827,95.1,14.94,13.0,32.5,100.0
ETParc11,2018-10-29,4,-0.002525,0.034988,0.0499,4,7.349312,95.1,12.99,8.5,19.4,100.0
ETParc11,2018-11-05,4,-0.005939,0.334833,-0.028229,4,4.018588,89.7,11.053333,8.5,19.4,100.0
ETParc8,2015-08-24,3,-0.003231,-0.007274,0.047437,3,6.65776,65.6,19.745,20.61,31.76,90.1
ETParc8,2015-08-31,3,-0.009693,-0.026977,-0.057377,3,8.346669,65.6,19.633,20.61,31.76,90.1
ETParc8,2015-09-07,3,-0.009693,-0.026977,-0.057377,3,5.026292,72.9,17.955333,18.6,31.76,91.2
ETParc8,2015-09-14,4,-0.003207,0.017644,0.033267,3,9.14177,72.9,17.253667,18.6,31.76,91.2
ETParc8,2015-09-21,4,0.00444,-0.028825,-0.037962,3,9.094436,72.9,16.483667,18.01,31.76,96.8
ETParc8,2015-09-28,4,-0.000886,-0.028825,-0.037962,3,7.289501,69.61,15.843,18.01,31.76,96.8
ETParc8,2015-10-05,4,-0.001155,0.017292,0.014475,3,10.71422,74.34,15.391,18.01,31.76,96.8
ETParc8,2015-10-12,4,-0.001424,0.017292,0.014475,4,9.534783,88.16,14.56,17.49,18.15,95.2
ETParc8,2015-10-19,4,-0.001424,0.017292,0.014475,4,6.701359,88.16,14.332667,17.49,19.15,96.4
ETParc8,2015-10-26,4,-0.003057,0.003095,0.014475,4,13.259182,89.29,13.741333,16.42,19.15,96.5
ETParc8,2015-11-02,4,-0.003057,0.003095,0.014475,4,7.324226,89.29,13.127333,12.76,19.15,100.0
ETParc8,2015-11-09,4,-0.003057,0.003095,0.014475,4,5.544605,89.29,12.576333,12.76,19.15,100.0
ETParc8,2016-03-07,1,0.00213,-0.00022,0.014475,4,11.280903,92.57,5.388333,4.98,19.15,100.0
ETParc8,2016-03-14,2,-0.009036,0.013384,0.014475,4,7.032671,80.87,4.029667,4.98,19.15,100.0
ETParc8,2016-03-21,2,-0.023505,0.013384,0.014475,1,5.576648,86.62,5.083667,4.98,12.43,100.0
ETParc8,2016-03-28,2,-0.010207,0.080056,0.160612,1,9.351756,86.62,5.359667,6.48,13.53,100.0
ETParc8,2016-04-04,2,-0.001054,0.080056,0.160612,1,17.690605,94.68,6.029,6.48,17.21,100.0
ETParc8,2016-04-11,2,0.001507,-0.023924,0.160612,2,14.641743,94.68,7.269333,9.74,15.94,100.0
ETParc8,2016-04-18,2,-8.3e-05,-0.002555,-0.103697,2,8.843553,94.68,7.997667,9.74,17.98,100.0
ETParc8,2016-04-25,2,0.001373,0.006249,0.06969,2,14.930008,92.83,8.871333,10.32,17.98,100.0
ETParc8,2016-05-02,2,0.000591,-0.003519,-0.16291,2,17.006184,92.83,10.039333,10.78,18.53,100.0
ETParc8,2016-05-09,2,0.00033,-0.003519,-0.16291,2,26.755303,89.43,10.908333,11.29,19.96,100.0
ETParc8,2016-05-16,3,-0.001853,-0.004839,-0.019195,2,12.371332,94.94,11.039667,11.59,19.96,100.0
ETParc8,2016-05-23,3,-0.004177,-0.004839,-0.019195,2,8.602375,94.94,11.733333,11.59,22.52,100.0
ETParc8,2016-05-30,3,-0.002719,-0.030976,-0.034462,2,8.343242,80.83,11.902667,11.59,22.52,100.0
ETParc8,2016-06-06,3,-0.000875,0.00564,0.009434,2,12.565612,80.83,12.384333,11.59,24.33,100.0
ETParc8,2016-06-13,3,-0.005101,-0.006049,0.009434,3,6.708002,63.35,13.468,16.15,28.55,78.75
ETParc8,2016-06-20,3,-0.008468,-0.039182,-0.030226,3,10.812394,56.99,13.757333,16.15,28.55,82.4
ETParc8,2016-06-27,3,-0.005124,-0.018501,0.128746,3,4.987736,56.99,14.455333,16.49,28.55,82.4
ETParc8,2016-07-04,3,-0.003494,0.004835,-0.037039,3,9.452667,52.23,16.061333,17.41,30.83,82.9
ETParc8,2016-07-11,3,-0.004562,0.0021,-0.006552,3,13.198978,66.28,17.404667,17.41,30.83,93.7
ETParc8,2016-07-18,3,-0.00407,-0.012748,-0.046427,3,10.654131,66.28,18.439667,23.16,30.83,93.7
ETParc8,2016-07-25,3,-0.000835,0.003679,0.035819,3,5.883854,52.22,19.459,23.16,30.83,93.7
ETParc8,2016-08-01,3,-0.003263,-0.002171,-0.013807,3,6.982602,52.88,19.804333,23.16,30.83,93.7
ETParc8,2016-08-08,3,-0.005122,-0.019911,-0.033303,3,4.531868,52.88,19.890667,26.13,30.83,93.7
ETParc8,2016-08-15,3,-0.003471,0.006546,0.06006,3,7.977326,54.11,19.673,25.59,30.83,93.7
ETParc8,2016-08-22,3,-0.001669,-0.002884,-0.027863,3,6.968277,57.68,19.535667,25.59,30.83,93.7
ETParc8,2016-08-29,3,-0.001953,0.008709,0.054426,3,7.242149,57.68,19.395333,25.59,30.83,93.7
ETParc8,2016-09-05,3,-0.001811,-0.002414,0.027656,3,13.306112,57.68,19.291667,24.72,32.6,93.7
ETParc8,2016-09-12,3,-0.000535,0.002379,0.034169,3,9.676624,55.32,19.11,24.33,33.38,93.7
ETParc8,2016-09-19,3,-0.000535,0.002379,0.034169,3,18.259199,78.78,17.669667,16.34,33.38,100.0
ETParc8,2016-09-26,3,-0.002713,-0.009049,0.017691,3,11.183516,78.78,16.820333,16.34,33.38,100.0
ETParc8,2016-10-03,3,-0.000858,0.01085,0.041783,3,6.506196,65.51,15.823667,16.34,33.38,100.0
ETParc8,2016-10-10,4,-0.001092,-0.014716,-0.155536,3,7.811265,64.24,14.547,16.34,33.38,100.0
ETParc8,2016-10-17,4,-0.000793,0.002116,0.017446,3,10.904863,92.53,14.067,14.79,33.38,100.0
ETParc8,2016-10-24,4,-0.001798,0.002116,0.017446,3,9.73861,96.69,13.818,14.79,33.38,100.0
ETParc8,2016-10-31,4,0.001631,0.001181,0.004212,3,5.744864,96.69,13.146,14.79,33.38,100.0
ETParc8,2016-11-07,4,0.002513,0.001181,0.004212,4,11.774717,90.12,12.188,8.14,19.59,100.0
ETParc8,2016-11-14,4,-0.000749,-0.027557,0.004212,4,7.908869,90.84,10.668667,7.26,19.59,100.0
ETParc8,2017-03-13,2,-0.00313,0.036572,0.004212,4,13.972473,98.39,7.787,8.12,19.59,100.0
ETParc8,2017-03-20,2,-0.001645,-0.032884,0.004212,4,10.253654,89.44,8.063,8.12,19.59,100.0
ETParc8,2017-03-27,2,0.066542,0.195576,0.004212,2,9.839181,92.1,7.337,6.49,12.09,100.0
ETParc8,2017-04-03,2,0.028921,-0.041773,-0.029196,2,13.105912,92.1,7.617,6.49,16.3,100.0
ETParc8,2017-04-10,2,0.03227,0.009124,-0.022824,2,6.382997,92.1,7.225667,6.49,17.32,100.0
ETParc8,2017-04-17,2,0.030741,-0.019947,0.008489,2,14.117997,75.59,8.144,6.49,21.2,100.0
ETParc8,2017-04-24,3,-0.003058,0.005485,0.01537,2,8.191308,75.59,9.367333,11.03,22.16,100.0
ETParc8,2017-05-01,3,-0.000876,0.01874,0.01866,2,13.918487,98.28,10.162667,13.27,22.16,100.0
ETParc8,2017-05-08,3,0.001551,-0.037792,-0.022345,2,12.650188,98.28,11.092,13.27,22.18,100.0
ETParc8,2017-05-15,3,0.005787,0.004022,0.019597,2,18.637231,91.85,11.639333,13.27,22.18,100.0
ETParc8,2017-05-22,3,0.003438,-0.00618,0.033532,3,6.931647,91.85,12.233,13.27,23.26,89.2
ETParc8,2017-05-29,3,0.001257,-0.00618,0.033532,3,11.728342,71.77,13.080667,13.5,25.17,99.7
ETParc8,2017-06-05,3,-0.001443,0.004781,0.055269,3,4.87003,71.77,14.230333,14.65,25.79,99.7
ETParc8,2017-06-12,3,0.001187,0.083563,0.3059,3,5.095887,66.98,15.243667,18.55,28.27,99.7
ETParc8,2017-06-19,3,0.002875,0.003452,-0.087328,3,9.16346,55.11,16.947,20.2,31.64,99.7
ETParc8,2017-06-26,3,0.001001,-0.003881,0.019148,3,9.691818,55.11,18.004,20.2,31.64,99.7
ETParc8,2017-07-03,3,0.004806,0.013512,-0.022541,3,14.682591,63.66,17.690667,20.23,31.64,99.7
ETParc8,2018-04-09,2,0.000528,-0.009991,-0.022541,3,11.492692,88.65,6.714,6.96,31.64,99.7
ETParc8,2018-04-16,2,-0.000732,0.0211,-0.022541,3,5.577957,92.33,6.422,6.96,31.64,99.7
ETParc8,2018-04-23,2,-0.000661,-0.005148,-0.043393,2,5.726756,92.33,8.116667,8.19,19.62,100.0
ETParc8,2018-04-30,2,0.001974,0.065378,0.102921,2,4.563588,81.8,9.385333,8.88,20.24,100.0
ETParc8,2018-05-07,2,0.000598,-0.041864,-0.066948,2,7.045718,82.84,9.407333,8.88,20.24,100.0
ETParc8,2018-05-14,3,0.002107,-0.038268,-0.018907,2,18.261116,89.65,10.642667,9.88,20.24,100.0
ETParc8,2018-05-21,3,-0.002348,-0.083722,-0.044583,2,17.554988,89.65,11.198333,9.88,20.57,100.0
ETParc8,2018-05-28,3,-0.001662,-0.010528,0.039958,2,5.762956,81.48,11.094667,9.88,20.63,100.0
ETParc8,2018-06-04,3,0.001743,-0.019408,-0.069197,2,5.195902,81.48,12.228,15.43,20.63,100.0
ETParc8,2018-06-11,3,0.001535,-0.019408,-0.069197,3,6.070286,81.47,12.485333,15.43,19.2,94.6
ETParc8,2018-06-18,3,0.001849,0.000199,-0.040329,3,10.672784,81.47,13.609667,16.19,27.86,94.6
ETParc8,2018-06-25,3,0.000183,-0.033544,-0.007561,3,9.380436,67.73,15.017333,16.19,27.86,94.6
ETParc8,2018-07-02,3,0.000499,0.057667,0.031834,3,5.327922,67.73,15.968,16.76,27.86,94.6
ETParc8,2018-07-09,3,-0.000549,-0.002223,-0.029045,3,7.104364,67.73,16.805333,18.05,28.56,94.6
ETParc8,2018-07-16,3,0.000232,0.038169,0.01739,3,8.094566,67.54,17.005333,20.53,28.56,94.9
ETParc8,2018-07-23,3,0.001516,0.004139,0.021495,3,6.556039,67.54,16.765333,20.53,28.56,94.9
ETParc8,2018-07-30,3,0.000305,-0.012037,-0.049043,3,3.505721,55.68,16.727,20.53,28.56,94.9
ETParc8,2018-08-06,3,0.000184,0.002866,-0.003142,3,5.511443,50.87,17.963,20.53,32.76,94.9
ETParc8,2018-08-13,3,0.001331,0.036864,0.047761,3,7.80126,52.29,18.661667,20.53,32.76,94.9
ETParc8,2018-08-20,3,0.000799,0.018091,0.004094,3,10.854596,70.99,19.273667,23.98,32.76,97.7
ETParc8,2018-08-27,3,0.001036,-0.011924,-0.060431,3,8.803067,70.99,19.895333,23.98,32.76,97.7
ETParc8,2018-09-03,3,0.001511,0.033529,0.033888,3,7.94625,70.99,19.812,23.98,32.76,97.7
ETParc8,2018-09-10,3,0.001713,0.067332,-0.008391,3,9.816345,83.14,18.741667,18.71,32.76,100.0
ETParc8,2018-09-17,3,0.001407,-0.029445,-0.017191,3,7.929508,84.4,18.507667,18.71,32.76,100.0
ETParc8,2018-09-24,3,0.001101,-0.022472,0.010056,3,13.527011,84.4,18.230667,18.71,32.76,100.0
ETParc8,2018-10-01,3,0.0014,0.025349,0.050062,3,9.325019,74.78,17.815333,18.71,32.76,100.0
ETParc8,2018-10-08,3,-0.001,0.005085,-0.083118,3,6.842484,71.8,17.014333,19.68,32.76,100.0
ETParc8,2018-10-15,4,0.000487,0.005085,-0.083118,3,7.840675,83.37,15.724667,11.17,32.76,100.0
ETParc8,2018-10-29,4,-4.8e-05,0.007825,0.007205,3,4.975898,94.2,10.022667,6.76,32.76,100.0
ETParc8,2018-11-05,4,-0.002311,0.007825,0.007205,3,3.097266,93.45,8.026667,6.76,32.76,100.0
ETParc8,2019-03-11,1,0.001932,0.038168,0.007205,3,15.599623,91.27,6.01,9.05,32.76,100.0
ETParc8,2019-03-18,2,0.000162,0.0257,0.007205,3,15.001864,91.27,6.551,9.05,32.76,100.0
ETParc8,2019-04-01,2,0.000344,0.111287,0.004288,1,16.349911,89.85,7.347,9.05,16.15,100.0
ETParc8,2019-04-08,2,-0.001326,0.040043,-0.014206,1,18.511271,97.71,7.384667,7.62,16.15,100.0
ETParc8,2019-04-15,2,0.001953,-0.112206,-0.174102,2,13.010524,97.71,7.334,7.62,19.03,99.7
ETParc8,2019-04-22,2,0.003371,0.062996,0.054794,2,10.800578,97.71,8.056667,7.62,19.03,99.7
ETParc8,2019-04-29,3,0.003309,0.075706,0.052833,2,16.382963,89.31,8.349,7.62,19.08,100.0
ETParc8,2019-05-06,2,0.008443,0.140108,0.060687,2,13.891655,89.31,9.554,10.25,20.85,100.0
ETParc8,2019-05-13,3,0.002419,0.011527,0.001988,2,15.651067,78.24,11.058,11.54,24.36,100.0
ETParc8,2019-05-20,3,0.00372,0.031591,0.008127,2,7.890908,75.21,11.545333,11.54,24.36,100.0
ETParc8,2019-05-27,3,0.001012,-0.016209,0.008458,3,4.780959,54.14,12.791,15.78,24.46,80.8
ETParc8,2019-06-03,3,0.000314,0.009329,-0.00402,2,7.993093,54.14,13.479,15.78,25.87,70.01
ETParc8,2019-06-10,3,0.001521,0.181728,0.036322,3,6.86874,53.4,13.431,15.78,22.08,94.4
ETParc8,2019-06-17,3,0.000985,0.063939,-0.007729,3,7.117201,55.88,13.325,16.53,23.13,94.4
ETParc8,2019-06-24,3,0.001574,0.003208,-0.04828,3,9.397044,63.83,13.861667,18.41,25.14,94.4
ETParc9,2015-08-24,3,-0.002502,0.000713,0.019406,3,4.487655,53.1,19.7625,21.6,32.2,75.6
ETParc9,2015-08-31,3,-0.00922,-0.014651,-0.031568,3,5.577762,53.1,19.566667,21.6,32.2,75.6
ETParc9,2015-09-07,3,-0.00922,-0.014651,-0.031568,3,7.504824,68.8,18.08,18.9,32.2,86.2
ETParc9,2015-09-14,3,-0.003792,0.006582,0.021283,3,6.390283,68.8,17.36,18.9,32.2,86.2
ETParc9,2015-09-21,4,-0.001425,-0.041275,-0.058541,3,5.481397,68.8,16.35,18.0,32.2,86.2
ETParc9,2015-09-28,4,-0.009914,-0.041275,-0.058541,3,4.013252,60.2,15.533333,18.0,32.2,86.2
ETParc9,2015-10-05,4,-0.009914,-0.041275,-0.058541,3,9.67311,68.2,15.0,18.0,32.2,86.2
ETParc9,2015-10-12,4,-0.009914,-0.041275,-0.058541,4,8.189395,73.2,14.336667,17.7,17.9,83.7
ETParc9,2015-10-19,4,-0.009914,-0.041275,-0.058541,4,8.511505,81.9,14.09,17.0,19.2,85.5
ETParc9,2015-10-26,4,-0.009914,-0.041275,-0.058541,4,10.438687,81.9,13.44,15.4,19.2,85.5
ETParc9,2015-11-02,4,-0.009914,-0.041275,-0.058541,4,3.031187,81.0,12.593333,13.7,19.2,85.5
ETParc9,2016-03-07,1,0.001857,0.006478,-0.058541,4,10.021952,80.0,4.876667,4.9,19.2,85.5
ETParc9,2016-03-14,2,-0.017493,-0.283623,-0.058541,1,6.322371,80.0,3.176667,4.9,12.0,70.7
ETParc9,2016-03-21,2,-0.040303,-0.283623,-0.058541,1,5.146797,80.0,4.186667,5.0,12.7,94.1
ETParc9,2016-03-28,2,-0.017752,0.045976,-0.058541,1,6.877257,76.6,4.243333,5.0,14.1,94.1
ETParc9,2016-04-04,2,0.004799,0.045976,-0.058541,2,12.198829,78.0,4.75,5.0,11.5,90.2
ETParc9,2016-04-11,2,-0.001309,0.001024,-0.058541,2,9.264448,78.0,6.003333,9.6,16.1,90.2
ETParc9,2016-04-18,2,-0.000195,0.000812,0.033545,2,5.389628,78.0,6.643333,9.6,18.2,90.2
ETParc9,2016-04-25,2,0.001828,0.000949,0.007402,2,11.716858,81.9,7.893333,9.6,18.2,90.4
ETParc9,2016-05-02,2,-0.002474,0.04233,0.045318,2,12.27735,81.9,9.186667,11.4,18.8,90.4
ETParc9,2016-05-09,2,0.000143,-0.014209,-0.050995,2,20.26067,78.1,10.116667,11.4,20.8,90.4
ETParc9,2016-05-16,3,-0.003343,-0.010251,-0.021645,2,10.071412,80.3,10.413333,12.0,20.8,90.4
ETParc9,2016-05-23,3,-0.003343,-0.010251,-0.021645,2,4.405948,80.3,10.9,12.0,23.2,90.4
ETParc9,2016-05-30,3,-0.002915,0.005477,0.025794,2,5.52281,61.8,11.266667,12.0,23.2,90.4
ETParc9,2016-06-06,3,-0.000818,0.003087,0.025794,3,7.81875,61.8,11.846667,12.0,24.8,52.1
ETParc9,2016-06-13,3,-0.001152,-0.011358,-0.014482,3,3.772583,49.8,13.703333,16.8,29.6,58.0
ETParc9,2016-06-20,3,-0.004148,0.006175,-0.039542,3,7.840007,45.7,14.193333,16.8,29.6,65.5
ETParc9,2016-06-27,3,-0.001711,-0.018621,0.10332,3,3.917057,45.7,14.923333,17.5,29.6,65.5
ETParc9,2016-07-04,3,-0.000626,0.006743,-0.023327,3,6.473278,41.6,16.57,18.2,31.5,65.5
ETParc9,2016-07-11,3,-0.003059,0.003932,0.006059,3,11.094422,60.6,17.333333,18.2,31.5,89.4
ETParc9,2016-07-18,3,-0.003591,-0.003133,-0.030176,3,5.414619,60.6,18.333333,22.8,31.5,89.4
ETParc9,2016-07-25,3,-0.001119,0.002034,0.026761,3,3.969887,39.6,19.423333,22.8,31.5,89.4
ETParc9,2016-08-01,3,-0.003906,-0.005987,-0.00814,3,5.534653,43.0,19.84,22.8,31.5,89.4
ETParc9,2016-08-08,3,-0.005544,-0.006697,-0.0283,3,2.966319,43.0,19.916667,27.2,31.5,89.4
ETParc9,2016-08-15,3,-0.002742,0.022157,-0.126042,3,4.424068,42.1,19.77,27.2,31.5,89.4
ETParc9,2016-08-22,3,-0.001362,-0.013645,0.020226,3,4.221318,43.8,19.623333,27.2,31.5,89.4
ETParc9,2016-08-29,3,-0.002619,0.019076,0.052711,3,3.617879,43.8,19.53,27.4,31.5,89.4
ETParc9,2016-09-05,4,-0.002165,-0.003369,-0.010655,3,6.902829,43.8,19.346667,25.1,32.3,89.4
ETParc9,2016-09-12,4,-0.002415,0.004584,0.030567,3,5.837767,40.6,19.183333,24.8,33.4,89.4
ETParc9,2016-09-19,4,-0.000516,0.011667,-0.091923,3,13.446047,68.5,17.573333,16.6,33.4,95.1
ETParc9,2016-09-26,4,-0.002308,0.004655,-0.091923,4,7.94412,68.5,16.54,16.6,24.5,53.4
ETParc9,2016-10-03,4,-0.000711,0.000512,-0.091923,4,3.072846,54.2,15.66,16.6,24.9,69.1
ETParc9,2016-10-10,4,7.8e-05,0.007554,-0.102261,4,4.800149,50.3,14.18,16.6,24.9,75.8
ETParc9,2016-10-17,4,6.5e-05,0.051114,0.088774,4,8.483457,84.9,13.603333,15.1,24.9,93.4
ETParc9,2017-04-10,2,-0.000932,0.002115,0.088774,4,3.435944,84.5,6.336667,6.7,24.9,93.4
ETParc9,2017-04-17,2,-0.000657,-0.010297,0.088774,2,11.063884,66.2,7.353333,6.7,21.1,74.6
ETParc9,2017-04-24,3,0.00028,0.003373,0.088774,2,5.681842,66.2,8.726667,11.4,22.5,86.2
ETParc9,2017-05-01,3,0.00028,0.003373,0.088774,2,13.735408,90.7,9.643333,13.2,22.5,97.7
ETParc9,2017-05-08,3,0.000388,0.003783,0.01696,2,9.287934,90.7,10.9,13.2,22.5,97.7
ETParc9,2017-05-15,3,-0.003198,0.050645,0.01696,3,16.766577,82.4,11.43,13.2,22.9,61.6
ETParc9,2017-05-22,3,-0.002432,0.011457,0.040676,3,5.036817,82.4,11.78,13.2,24.8,81.2
ETParc9,2017-05-29,3,-0.001351,-0.014084,-0.043841,3,9.444197,60.1,12.613333,13.9,26.4,88.5
ETParc9,2017-06-05,3,-0.000918,0.022991,0.113566,3,4.617255,60.1,13.936667,15.2,27.2,88.5
ETParc9,2017-06-12,3,0.003074,0.048583,0.269743,3,3.093465,56.2,15.056667,18.7,29.6,88.5
ETParc9,2017-06-19,3,0.004212,0.004848,-0.089282,3,7.15748,45.7,17.196667,21.0,33.1,88.5
ETParc9,2017-06-26,3,0.00414,-0.0267,0.011163,3,5.899112,45.7,18.203333,21.0,33.1,88.5
ETParc9,2017-07-03,3,0.009939,0.007513,-0.010556,3,9.67082,51.9,17.81,20.2,33.1,88.5
ETParc9,2017-07-10,3,0.000477,0.036096,-0.107435,3,12.152777,68.2,18.13,20.2,33.1,88.5
ETParc9,2017-07-17,3,-0.005883,-0.038268,-0.033527,3,8.751517,68.2,18.443333,20.2,35.0,88.5
ETParc9,2017-07-24,3,0.004083,0.021052,0.073244,3,6.289863,41.1,17.95,20.2,35.0,88.5
ETParc9,2017-07-31,3,0.00078,0.012079,0.03626,3,5.968529,41.1,18.766667,22.3,35.0,88.5
ETParc9,2017-08-07,3,0.003553,-0.002155,0.233408,3,4.675977,35.7,19.663333,23.9,35.0,88.5
ETParc9,2017-08-14,3,0.010537,0.001172,-0.143957,3,8.869504,43.4,18.95,23.9,35.0,88.5
ETParc9,2017-08-21,3,0.000737,-0.00123,0.031637,3,6.542935,43.4,19.26,24.9,35.0,88.5
ETParc9,2017-08-28,3,0.00357,0.020833,-0.173671,3,19.295978,80.1,19.433333,19.2,35.0,94.1
ETParc9,2017-09-04,3,0.000905,0.003226,0.062379,3,10.175461,80.1,18.873333,19.2,35.0,94.1
ETParc9,2017-09-11,4,0.002868,0.000796,0.08461,3,4.341165,80.1,18.45,19.2,35.0,94.1
ETParc9,2017-09-18,4,0.002889,-0.003191,0.071227,3,4.442114,42.8,17.046667,19.1,35.0,94.1
ETParc9,2017-09-25,4,0.000866,-0.002527,-0.088126,3,5.787589,46.3,15.716667,19.1,35.0,94.1
ETParc9,2017-10-02,4,0.004237,0.035008,-0.088126,4,6.75179,53.4,15.186667,19.1,23.9,69.7
ETParc9,2017-10-09,4,0.000232,0.008112,0.306007,4,5.150081,53.4,14.536667,19.1,24.0,80.4
ETParc9,2017-10-16,4,0.001444,-0.047996,-0.051235,4,2.754045,52.2,14.58,20.0,24.1,80.4
ETParc9,2017-10-23,4,0.000484,-0.020991,-0.073475,4,12.692893,85.9,14.613333,15.7,24.1,97.6
ETParc9,2017-10-30,4,-0.002506,-0.002999,-0.168222,4,7.512307,85.9,13.46,15.7,24.1,97.6
ETParc9,2018-03-26,1,-0.008745,-0.011855,-0.168222,4,13.634864,91.9,6.746667,7.0,24.1,97.6
ETParc9,2018-04-02,1,0.010453,0.005882,-0.168222,1,6.334674,90.8,6.253333,7.0,14.0,92.3
ETParc9,2018-04-09,2,-0.002401,-0.044592,-0.008518,1,8.749068,84.5,6.32,7.0,15.5,99.4
ETParc9,2018-04-23,2,-0.004104,0.10541,0.027472,1,4.923994,84.8,7.643333,7.6,19.3,100.0
ETParc9,2018-04-30,2,0.001227,0.006971,0.027472,2,6.397767,79.3,9.006667,9.5,12.1,91.5
ETParc9,2018-05-07,2,0.003516,-0.003979,-0.069305,2,7.786496,81.0,8.996667,9.3,18.7,98.7
ETParc9,2018-05-14,3,0.002884,-0.003107,-0.000599,2,12.808126,81.0,9.85,9.3,19.2,98.7
ETParc9,2018-05-21,3,0.00639,0.010076,0.006623,2,16.656016,83.7,10.03,9.3,20.4,99.1
ETParc9,2018-05-28,3,0.00062,-0.028068,-0.015366,2,3.628065,83.7,10.116667,9.3,20.4,99.4
ETParc9,2018-06-04,3,0.002639,0.028085,-0.015366,3,4.753245,83.7,11.443333,14.3,18.9,84.9
ETParc9,2018-06-11,3,-0.002811,0.173097,0.060217,3,6.269237,73.4,12.046667,14.3,20.1,90.6
ETParc9,2018-06-18,3,0.004387,-0.064713,-0.025365,3,8.218852,73.4,13.526667,15.9,28.8,90.6
ETParc9,2018-06-25,3,0.004511,-0.05612,-0.014579,3,8.111485,60.5,14.783333,16.3,28.8,90.6
ETParc9,2018-07-02,3,0.004108,-0.013398,0.011388,3,4.792951,60.5,15.786667,17.2,28.8,90.6
ETParc9,2018-07-09,3,0.006544,-0.013527,-0.030363,3,5.287632,60.5,16.406667,18.9,29.7,90.6
ETParc9,2018-07-16,3,0.001434,0.008014,0.029835,3,6.691644,56.8,16.83,21.3,29.7,90.6
ETParc9,2018-07-23,3,0.001878,-0.021219,0.000306,3,4.240171,56.8,16.7,21.3,29.7,90.6
ETParc9,2018-07-30,3,0.000266,0.04172,-0.029302,3,3.0591,49.5,16.523333,21.3,29.7,90.6
ETParc9,2018-08-06,3,8.3e-05,-0.001059,0.004618,3,3.853014,41.0,17.576667,21.3,33.6,90.6
ETParc9,2018-08-13,3,0.000595,0.006788,-0.019852,3,5.844859,43.7,18.143333,21.3,33.6,90.6
ETParc9,2018-08-20,3,-0.000768,0.00764,0.009626,3,5.84942,54.8,18.86,25.5,33.6,90.6
ETParc9,2018-08-27,3,-0.000287,-0.009086,-0.024308,3,5.310502,54.8,19.74,25.5,33.6,90.6
ETParc9,2018-09-03,3,0.000433,0.001758,0.000402,3,7.531806,59.8,19.82,25.3,33.6,90.6
ETParc9,2018-09-10,3,-0.00136,-0.126581,-0.031493,3,8.294864,72.7,18.906667,20.3,33.6,98.5
ETParc9,2018-09-17,3,0.00203,-0.089592,-0.054242,3,8.422928,78.9,18.463333,20.3,33.6,98.5
ETParc9,2018-09-24,3,0.00144,-0.017408,0.01183,3,10.430199,78.9,18.013333,20.3,33.6,98.5
ETParc9,2018-10-01,4,0.000511,0.019386,-0.008042,3,7.644917,64.1,17.226667,20.3,33.6,98.5
ETParc9,2018-10-08,4,0.002461,-0.025779,0.015928,3,5.598469,60.2,16.176667,18.9,33.6,98.5
ETParc9,2018-10-15,4,-0.004223,0.106141,-0.0408,3,9.307677,81.5,15.13,12.6,33.6,98.5
ETParc9,2018-10-22,4,-0.00418,0.005876,-0.0408,4,7.44283,95.2,13.546667,12.6,18.4,98.8
ETParc9,2019-03-18,2,0.001484,0.0262,-0.0408,4,10.444251,87.9,5.393333,9.4,18.4,98.8
ETParc9,2019-03-25,2,0.001421,-0.042915,-0.0408,1,3.817005,61.6,5.473333,9.5,15.4,87.9
ETParc9,2019-04-01,2,0.001376,0.05106,-0.0408,2,20.201685,86.3,6.04,9.5,13.5,100.0
ETParc9,2019-04-08,2,0.000954,-0.010354,-0.0408,2,16.54496,94.9,6.076667,8.3,14.7,100.0
ETParc9,2019-04-15,2,0.001429,-0.053586,-0.178613,2,10.832491,94.9,6.136667,8.3,18.9,100.0
ETParc9,2019-04-22,2,-0.001117,-0.302997,-0.096049,2,11.732921,94.9,7.316667,8.3,18.9,100.0
ETParc9,2019-04-29,3,0.000704,-0.000424,-0.011874,2,12.20201,88.3,7.81,8.3,19.4,100.0
ETParc9,2019-05-06,3,0.003414,0.065561,0.10673,2,10.594877,82.4,8.933333,11.0,21.8,100.0
ETParc9,2019-05-13,3,0.000139,-0.002762,-0.016803,2,13.442895,71.2,10.35,11.7,24.3,100.0
ETParc9,2019-05-20,3,0.003531,0.007021,-0.016803,3,5.956629,66.9,10.94,11.7,19.9,91.4
ETParc9,2019-05-27,3,0.00089,-0.026006,-0.031587,3,3.372296,47.9,12.25,16.4,25.0,91.4
ETParc9,2019-06-03,3,0.00083,-0.01566,-0.061002,3,4.276069,47.9,13.156667,16.4,27.0,91.4
ETParc9,2019-06-10,3,0.001039,0.014058,0.029707,3,5.242591,48.5,13.233333,16.4,27.0,93.5
ETParc9,2019-06-17,3,0.001869,0.064817,0.028403,3,5.970682,48.5,13.203333,17.9,27.0,93.5
